"first","mid","pk","last"
1726.32521741195,1298.75979148342,1022.30626737236,1911.2908247781
1460.28850424224,1116.70670458481,841.028067599792,1713.40811701075
2007.9808730287,1493.25106987079,1217.61054241529,2121.39486826026
-0.733111240582694,-0.504280157367707,-0.366929699314745,-0.795883973922754
-0.869429891674265,-0.597993562767259,-0.460650402473538,-0.897430708947316
-0.59679294431527,-0.410573032277506,-0.2732150548252,-0.694335767845775
