"first","last","mid","pk"
1917.44231413911,1917.44231413911,1304.82324634747,1029.16935214863
1713.40811708215,1713.40811708215,1116.70670275532,841.028066727942
2121.39486832934,2121.39486832934,1493.25106793054,1217.61054151654
-0.795902098489914,-0.795902098489914,-0.50420486548865,-0.366857099946288
-0.897430708979423,-0.897430708979423,-0.597993561790111,-0.460650402020468
-0.69433576787903,-0.69433576787903,-0.410573031355656,-0.273215054385687
